company name,start date,opportunities,average opportunity amount,last update
Topicshots,2020-12-29,8,391521.25,2020-12-15T05:11:12Z
Twinder,2020-12-21,13,538188.9230769231,2020-12-27T02:18:19Z
Tagopia,2020-08-04,5,565835.2,2020-12-17T08:45:51Z
Jabberstorm,2020-03-20,6,692042.0,2020-07-08T16:45:40Z
Voolith,2020-02-19,8,527736.5,2020-11-11T02:26:21Z
Realpoint,2021-11-11,10,464121.5,2020-12-13T01:15:23Z
Lajo,2020-02-10,9,473800.22222222225,2020-12-21T22:15:13Z
Buzzshare,2020-07-05,10,512983.9,2020-10-15T21:26:14Z
Voonder,2021-04-30,12,556030.3333333334,2020-11-01T14:08:48Z
Jaxbean,2021-12-23,11,504475.0909090909,2020-12-15T11:16:04Z
Fanoodle,2021-05-01,9,473512.44444444444,2020-11-11T01:08:39Z
LiveZ,2021-04-20,6,658460.8333333334,2020-12-14T08:49:50Z
Divavu,2021-08-22,14,408050.71428571426,2020-12-08T13:41:36Z
Skaboo,2020-10-29,8,555909.5,2020-09-15T11:08:40Z
Gabtune,2021-01-27,11,478705.1818181818,2020-12-13T08:12:31Z
Mudo,2020-02-12,10,544615.4,2020-11-02T18:16:13Z
Brainlounge,2021-08-11,6,456136.6666666667,2020-11-30T18:09:00Z
Innojam,2020-02-05,11,607704.6363636364,2020-12-02T10:43:41Z
Centimia,2020-01-27,10,407685.9,2020-12-11T03:32:49Z
Photobean,2021-12-08,11,491484.8181818182,2020-11-23T01:58:11Z
Tambee,2021-04-26,9,476812.22222222225,2020-07-04T19:21:29Z
Bluezoom,2021-11-03,13,580801.3076923077,2020-12-29T01:49:53Z
Flashpoint,2020-08-25,15,533761.2,2020-10-16T13:46:05Z
Trudeo,2020-07-29,7,701159.4285714285,2020-11-11T22:12:46Z
Avamm,2020-02-27,9,655410.2222222222,2020-12-03T01:47:19Z
Zoozzy,2021-03-14,8,490610.875,2020-09-15T08:33:30Z
Kamba,2020-04-12,9,522458.44444444444,2020-12-22T23:37:50Z
Edgewire,2020-04-20,10,511627.3,2020-12-18T14:02:03Z
Zoomzone,2020-07-10,12,531224.1666666666,2020-12-20T14:41:44Z
Youtags,2020-11-07,9,624802.0,2020-11-23T23:28:37Z
Chatterbridge,2021-09-12,21,512490.38095238095,2020-12-25T09:28:48Z
Topiczoom,2021-09-06,8,591356.375,2020-12-13T04:22:18Z
Rhyzio,2021-11-02,10,523892.3,2020-12-21T22:28:26Z
Jetpulse,2020-11-13,9,442208.55555555556,2020-10-30T13:00:29Z
Browsedrive,2021-04-05,14,540482.9285714285,2020-12-14T10:37:08Z
Yakitri,2020-10-25,11,545503.1818181818,2020-12-19T06:48:22Z
Nlounge,2020-04-12,16,432436.0,2020-12-12T03:08:33Z
Fivechat,2020-06-01,5,471166.4,2020-11-29T23:29:54Z
Demimbu,2020-09-19,7,412600.14285714284,2020-11-17T00:31:06Z
Quimba,2020-10-18,11,521199.9090909091,2020-11-24T13:04:57Z
Jabberstorm,2020-08-24,9,523751.0,2020-11-23T19:15:29Z
Blogtags,2020-08-01,6,474248.3333333333,2020-10-06T05:50:49Z
Ozu,2020-02-07,11,464889.7272727273,2020-12-23T22:09:16Z
Divanoodle,2020-12-07,10,442786.0,2020-12-18T15:29:43Z
Brightdog,2021-11-02,7,448850.14285714284,2020-12-20T13:16:02Z
Riffpath,2020-06-26,9,344997.8888888889,2020-12-16T20:20:21Z
Livefish,2020-05-15,5,314852.8,2020-12-25T00:41:55Z
Shuffletag,2020-09-12,4,729366.5,2020-11-28T06:12:55Z
Feedspan,2020-09-24,9,473412.1111111111,2020-11-25T15:40:23Z
Youfeed,2020-06-09,14,507027.21428571426,2020-11-05T10:32:24Z
Skivee,2020-05-07,4,369214.5,2020-11-08T12:01:14Z
Zoomzone,2021-02-17,7,501317.14285714284,2020-12-13T17:45:50Z
Buzzshare,2021-11-12,20,479817.75,2020-12-22T03:05:07Z
Linkbridge,2021-03-20,8,319943.25,2020-12-23T21:06:13Z
Eabox,2020-05-16,15,530934.4,2020-12-21T04:52:50Z
Thoughtworks,2020-12-17,15,482870.0,2020-12-30T18:33:12Z
Realfire,2021-05-03,7,491977.71428571426,2020-09-15T07:04:34Z
Brainsphere,2020-09-19,15,424674.06666666665,2020-12-27T05:12:16Z
Divape,2021-12-05,14,571728.9285714285,2020-11-18T22:37:17Z
Voonyx,2020-08-15,12,498674.6666666667,2020-12-18T13:20:51Z
Snaptags,2020-02-23,9,467872.44444444444,2020-12-19T18:22:42Z
Shufflebeat,2020-04-14,17,490593.5294117647,2020-12-23T23:15:56Z
Vipe,2021-09-24,9,343565.55555555556,2020-12-06T20:03:48Z
Mycat,2021-10-30,8,403191.875,2020-11-25T13:25:58Z
Mita,2021-12-13,4,438301.75,2020-10-22T18:45:01Z
Brainsphere,2021-02-26,7,545799.2857142857,2020-12-02T11:34:03Z
Fliptune,2021-09-24,5,222220.4,2020-10-10T19:16:39Z
Babbleset,2020-06-24,12,519851.75,2020-12-29T16:14:01Z
Fatz,2020-04-25,11,363903.0909090909,2020-12-11T17:01:17Z
Skiba,2021-11-10,10,535451.3,2020-10-10T05:30:46Z
Thoughtbeat,2021-09-04,7,532611.1428571428,2020-11-20T23:47:34Z
Fatz,2021-09-26,15,452240.8,2020-12-04T16:29:58Z
Chatterbridge,2020-03-02,12,409690.1666666667,2020-12-29T01:25:25Z
Riffpath,2020-06-13,15,542807.4,2020-11-18T16:06:56Z
Tagchat,2021-10-29,6,463367.5,2020-12-04T13:40:20Z
Bubbletube,2021-05-26,8,438035.75,2020-12-22T23:54:10Z
Oyope,2021-12-15,9,366689.0,2020-12-20T17:20:58Z
Voolith,2020-08-15,4,801984.75,2020-10-19T00:05:16Z
Jaxworks,2021-05-18,12,331226.0,2020-11-04T06:35:27Z
Twimbo,2021-02-14,12,455360.5833333333,2020-12-19T17:23:18Z
Chatterpoint,2020-04-26,8,384833.625,2020-12-19T03:01:29Z
Blogspan,2020-09-28,13,542909.1538461539,2020-11-30T09:33:22Z
Yodel,2021-07-27,11,394544.8181818182,2020-10-19T11:31:02Z
Brainverse,2021-07-28,10,466541.3,2020-12-01T12:13:06Z
Wordware,2020-07-16,8,575301.25,2020-12-16T11:30:51Z
Wordtune,2020-07-28,10,515751.8,2020-11-11T16:06:24Z
Devbug,2020-12-23,13,583669.1538461539,2020-12-12T11:01:01Z
Miboo,2020-12-25,12,502418.25,2020-12-24T00:39:52Z
Skinix,2021-01-13,10,698511.9,2020-11-25T04:11:09Z
Oyonder,2021-06-26,8,536254.375,2020-12-13T21:31:47Z
Ailane,2021-01-28,13,588435.0,2020-12-06T20:46:24Z
Kare,2020-01-13,11,624894.5454545454,2020-12-07T05:11:11Z
Skimia,2020-02-03,4,517144.25,2020-11-06T09:32:12Z
Youbridge,2021-08-01,9,421176.0,2020-11-26T08:22:48Z
Chatterpoint,2021-07-17,20,336010.45,2020-12-14T06:07:41Z
Bluezoom,2020-08-10,6,472766.8333333333,2020-12-07T03:50:43Z
Jamia,2020-03-22,9,459774.6666666667,2020-11-23T21:51:44Z
Wikivu,2020-09-04,9,524829.2222222222,2020-11-16T15:39:13Z
Fiveclub,2021-08-13,8,586759.0,2020-12-15T21:32:27Z
Gigashots,2021-12-28,7,617497.5714285715,2020-12-10T07:36:41Z
Mita,2021-01-05,13,478531.76923076925,2020-11-28T08:44:51Z
Babblestorm,2020-05-08,7,414979.28571428574,2020-12-11T18:53:08Z
Skipfire,2020-07-23,8,417806.25,2020-12-27T15:13:24Z
Yacero,2021-03-03,7,569240.5714285715,2020-10-20T08:08:05Z
Flipstorm,2021-03-16,9,508358.3333333333,2020-11-24T08:46:48Z
Wikizz,2020-11-12,12,498912.75,2020-11-24T00:19:59Z
Browsecat,2021-07-12,11,407764.1818181818,2020-11-30T23:04:26Z
Devify,2021-03-25,12,579398.1666666666,2020-12-19T00:52:31Z
Kamba,2021-09-04,12,503586.6666666667,2020-12-28T05:07:19Z
Zoombox,2020-05-11,10,640732.1,2020-12-14T20:28:14Z
Photobug,2020-06-07,4,720194.5,2020-11-30T15:54:00Z
Voolith,2020-11-06,6,418361.3333333333,2020-11-01T21:45:23Z
Quimba,2021-09-29,11,482084.63636363635,2020-11-29T11:32:12Z
Yata,2020-09-08,9,433849.1111111111,2020-12-14T06:08:53Z
Skippad,2020-01-01,9,533451.5555555555,2020-12-11T00:27:51Z
Livetube,2020-10-21,17,513830.5294117647,2020-12-27T06:43:20Z
Mybuzz,2020-09-30,19,521704.5263157895,2020-12-19T22:43:42Z
Babbleblab,2021-09-12,11,398861.0909090909,2020-11-05T11:05:19Z
Gabcube,2021-05-01,14,539649.8571428572,2020-11-11T00:44:35Z
Meevee,2020-10-03,12,624055.8333333334,2020-10-25T17:58:21Z
Tekfly,2020-06-21,10,466770.9,2020-12-30T06:41:11Z
Yambee,2021-11-21,12,646318.1666666666,2020-12-28T17:07:10Z
Edgepulse,2020-08-12,12,544478.0,2020-11-11T04:52:58Z
Blogtags,2021-10-05,4,491789.5,2020-12-05T15:37:42Z
Meezzy,2020-08-31,9,564854.1111111111,2020-12-03T21:09:41Z
Kwimbee,2020-01-27,9,505871.77777777775,2020-11-28T11:18:24Z
Zoovu,2021-03-14,5,595471.4,2020-12-29T09:09:36Z
Avamm,2020-09-12,11,531561.5454545454,2020-11-20T23:28:16Z
Skidoo,2021-04-15,8,485352.75,2020-12-18T08:49:18Z
Gabcube,2020-11-09,12,508242.3333333333,2020-11-18T18:53:46Z
Wikizz,2020-07-11,16,532277.375,2020-12-07T01:47:43Z
Mymm,2021-03-27,13,565707.3076923077,2020-10-28T16:02:51Z
Zoomlounge,2021-12-07,9,322202.22222222225,2020-12-13T15:51:37Z
Brainverse,2021-05-20,11,561018.2727272727,2020-12-02T15:05:47Z
Brainverse,2021-03-20,10,659383.0,2020-12-03T01:34:01Z
Avamm,2020-06-26,20,537250.15,2020-11-23T07:13:20Z
Meetz,2021-02-23,12,494620.8333333333,2020-11-23T03:54:41Z
Topiclounge,2020-02-20,13,610911.9230769231,2020-12-17T21:52:54Z
Riffwire,2021-09-08,13,665429.7692307692,2020-12-09T18:56:19Z
Dynava,2020-11-04,6,430567.3333333333,2020-10-28T17:03:13Z
Dablist,2021-12-16,12,440276.4166666667,2020-12-19T07:46:00Z
Jabbertype,2020-12-15,8,400263.875,2020-09-15T18:32:46Z
Rooxo,2020-12-04,5,352942.0,2020-11-13T11:45:16Z
Jayo,2021-10-26,12,547822.0833333334,2020-11-23T11:47:10Z
Skyvu,2021-04-30,8,551738.25,2020-12-05T06:50:28Z
Yoveo,2020-05-24,8,380557.5,2020-10-21T11:08:15Z
Katz,2020-02-08,9,582934.2222222222,2020-10-31T10:26:32Z
Devshare,2020-12-08,10,395520.7,2020-11-16T13:38:46Z
Leexo,2021-08-27,14,507035.14285714284,2020-12-14T19:03:57Z
Oloo,2020-02-20,15,459122.13333333336,2020-11-10T03:55:39Z
Leenti,2020-03-11,12,353442.5,2020-10-06T10:43:21Z
Flipstorm,2021-07-25,12,570267.25,2020-10-13T19:02:53Z
Flashspan,2021-04-19,14,652400.5714285715,2020-12-25T20:27:55Z
Wordpedia,2020-11-24,15,427768.93333333335,2020-11-23T13:20:22Z
Janyx,2021-06-11,9,632966.5555555555,2020-12-30T04:03:29Z
Tanoodle,2021-02-08,10,410846.1,2020-10-28T08:41:27Z
Zoombeat,2021-04-07,11,350599.7272727273,2020-11-14T15:52:21Z
Gabspot,2020-04-05,3,585407.0,2020-10-11T08:58:55Z
Camimbo,2021-05-24,6,415226.5,2020-10-22T23:17:16Z
Kazio,2020-08-05,6,602201.0,2020-12-15T09:25:02Z
Dabtype,2021-12-06,9,609686.4444444445,2020-10-23T05:08:32Z
Kare,2020-05-14,14,316644.35714285716,2020-12-25T16:19:10Z
Fivebridge,2020-03-17,9,530902.5555555555,2020-12-11T17:47:22Z
Yodoo,2020-02-24,8,399623.625,2020-11-01T14:27:25Z
Quamba,2020-05-03,11,467637.9090909091,2020-09-20T04:27:11Z
Skimia,2020-10-19,8,592282.5,2020-12-19T08:24:09Z
Quinu,2021-08-19,11,499222.54545454547,2020-12-18T11:10:24Z
Youspan,2020-09-29,9,597304.0,2020-12-24T11:10:20Z
Gigaclub,2021-08-17,5,612836.8,2020-12-18T07:32:54Z
Devpulse,2021-06-19,5,411006.6,2020-11-04T01:51:03Z
Yabox,2021-04-10,12,492483.0833333333,2020-11-13T01:32:23Z
Ntag,2020-01-07,9,472654.77777777775,2020-11-15T21:52:41Z
Dabtype,2020-10-13,9,501341.22222222225,2020-11-15T12:17:43Z
Livepath,2020-11-21,8,520077.25,2020-12-26T21:48:21Z
Pixope,2020-10-24,6,555619.8333333334,2020-12-28T09:24:16Z
Dynabox,2021-10-24,5,469481.8,2020-08-27T21:12:40Z
Dabtype,2021-06-02,6,368887.0,2020-12-05T04:04:05Z
Oyoloo,2021-07-17,6,515778.0,2020-09-23T07:54:42Z
Buzzshare,2021-02-26,7,620216.8571428572,2020-12-08T12:43:39Z
Thoughtworks,2020-06-22,10,578079.9,2020-12-28T14:20:11Z
Zooveo,2021-12-19,10,333648.0,2020-12-23T01:58:03Z
Quatz,2020-02-20,13,469958.3076923077,2020-12-30T08:14:31Z
Eire,2021-10-14,6,458800.6666666667,2020-12-08T08:22:30Z
Rooxo,2021-12-24,12,433100.8333333333,2020-12-30T19:05:32Z
Abatz,2021-11-03,11,435938.9090909091,2020-12-27T10:18:45Z
Reallinks,2020-10-21,8,607847.25,2020-10-14T02:46:18Z
Voonix,2020-05-27,14,602968.8571428572,2020-12-21T08:07:55Z
Aivee,2021-02-06,7,517627.0,2020-12-11T21:25:41Z
Zazio,2021-11-11,10,351983.1,2020-11-08T09:46:25Z
Feedfish,2020-08-13,13,296834.8461538461,2020-12-30T13:32:13Z
Yombu,2021-05-19,11,461291.7272727273,2020-08-23T18:19:41Z
Centimia,2020-06-21,13,538833.6923076923,2020-11-05T16:54:37Z
Oozz,2020-05-24,14,494660.0,2020-12-14T22:11:24Z
Dynazzy,2021-03-26,6,444433.3333333333,2020-11-30T12:31:22Z
Quinu,2021-01-15,9,563544.4444444445,2020-11-02T12:19:01Z
Feedfire,2020-07-25,10,672832.4,2020-11-25T06:13:22Z
Gigashots,2021-03-11,6,317885.0,2020-12-08T07:49:59Z
Skiptube,2020-05-01,15,455593.8,2020-12-09T09:03:09Z
Trilith,2021-06-16,8,440892.125,2020-08-06T03:22:42Z
JumpXS,2021-12-05,13,451478.46153846156,2020-10-23T00:53:27Z
Skiba,2021-12-04,10,467227.1,2020-12-26T12:06:44Z
Blognation,2021-03-24,10,573022.0,2020-12-13T10:24:53Z
Mymm,2021-07-02,12,533928.3333333334,2020-12-15T05:23:40Z
Youtags,2020-03-30,9,392948.8888888889,2020-11-08T13:41:23Z
Npath,2020-03-17,9,670695.1111111111,2020-12-26T21:40:16Z
Wikivu,2021-02-28,8,294791.75,2020-11-14T11:19:38Z
Linkbuzz,2020-11-14,6,601330.5,2020-12-23T19:58:56Z
Zoozzy,2021-11-23,14,508286.9285714286,2020-10-13T19:58:20Z
Vimbo,2020-02-19,15,584641.2,2020-11-30T19:04:27Z
Blognation,2020-03-30,8,545618.375,2020-11-04T13:33:05Z
Skyble,2020-10-21,9,508631.0,2020-11-21T06:54:43Z
Quinu,2020-11-28,9,423843.22222222225,2020-08-21T05:04:01Z
Jaloo,2021-11-17,8,581632.0,2020-12-01T20:21:17Z
Kwimbee,2020-12-05,13,532158.9230769231,2020-11-13T14:51:59Z
Mymm,2021-04-11,14,418588.35714285716,2020-11-22T20:51:35Z
Skilith,2020-02-25,12,448903.8333333333,2020-12-27T13:04:45Z
Zoombox,2021-02-01,12,404955.8333333333,2020-12-17T03:02:59Z
InnoZ,2021-10-08,10,617290.7,2020-12-22T09:53:30Z
Wordpedia,2020-06-12,9,597208.1111111111,2020-12-17T15:35:28Z
Edgewire,2020-02-17,15,438991.4,2020-12-16T21:08:01Z
Demivee,2021-09-24,11,506743.36363636365,2020-11-29T05:24:31Z
Eare,2021-10-26,12,617530.1666666666,2020-12-03T13:25:09Z
Dabshots,2020-06-06,10,544676.8,2020-11-10T00:12:03Z
Voomm,2020-05-11,9,348854.8888888889,2020-12-09T16:21:54Z
Dabtype,2020-11-18,9,315226.55555555556,2020-12-24T04:35:59Z
Avamm,2020-11-13,9,321548.55555555556,2020-12-18T07:41:50Z
Realcube,2020-04-05,10,734548.2,2020-12-10T16:42:57Z
Jayo,2021-06-07,8,295982.875,2020-12-20T23:29:49Z
Topicshots,2021-08-20,6,359964.8333333333,2020-11-22T05:16:05Z
Agimba,2021-05-01,5,238325.6,2020-12-25T07:21:08Z
Oozz,2020-08-09,12,462318.5833333333,2020-09-26T23:25:28Z
Meemm,2021-07-01,6,576467.5,2020-06-14T18:39:34Z
Livetube,2020-09-02,20,566597.4,2020-12-24T08:22:02Z
Fivebridge,2021-08-18,18,467988.94444444444,2020-12-07T05:42:02Z
InnoZ,2020-07-16,19,485105.7894736842,2020-11-27T20:13:13Z
Tazzy,2021-12-22,13,525613.3846153846,2020-12-24T23:46:21Z
Tagchat,2021-02-24,8,443347.0,2020-10-19T05:33:46Z
Fivespan,2020-11-14,10,422384.7,2020-12-03T22:00:13Z
Zoomdog,2021-05-19,14,498335.4285714286,2020-12-28T13:31:28Z
Rhyzio,2020-07-16,12,574036.8333333334,2020-12-26T16:00:40Z
Photobean,2021-09-17,6,452460.5,2020-10-23T17:21:48Z
Snaptags,2021-11-24,10,641773.5,2020-12-03T07:09:31Z
Oozz,2021-07-21,10,481860.8,2020-12-19T18:24:18Z
Lajo,2020-07-18,9,470409.44444444444,2020-12-30T04:24:04Z
Gevee,2020-10-13,8,453658.125,2020-12-19T13:11:41Z
Tazz,2021-11-14,15,456580.86666666664,2020-12-03T10:05:28Z
Wikizz,2020-04-22,12,426126.9166666667,2020-12-13T15:48:30Z
Cogilith,2021-09-07,6,547873.8333333334,2020-11-25T18:44:03Z
Skyble,2020-09-26,17,504218.8823529412,2020-12-22T05:55:57Z
Roomm,2020-12-15,8,592760.625,2020-12-16T23:48:52Z
Chatterbridge,2020-04-15,11,453614.1818181818,2020-10-05T05:23:08Z
Realcube,2021-11-04,4,582949.0,2020-10-05T14:42:32Z
Fanoodle,2021-02-05,8,519761.125,2020-12-02T04:06:02Z
Miboo,2020-03-02,11,459338.0909090909,2020-11-25T00:44:20Z
Abata,2021-11-18,14,520860.0,2020-11-26T20:48:11Z
Cogibox,2021-07-16,9,612442.1111111111,2020-11-30T02:52:14Z
Blogtags,2020-11-06,9,552090.0,2020-12-30T11:19:38Z
Skajo,2021-02-02,9,561691.0,2020-11-24T16:57:58Z
Thoughtstorm,2021-10-12,14,502085.71428571426,2020-12-21T17:04:12Z
Riffpedia,2021-10-03,3,302325.6666666667,2020-09-01T17:57:53Z
Omba,2020-07-27,9,441183.0,2020-11-10T21:05:13Z
Devbug,2020-01-21,14,515644.5,2020-11-01T21:24:34Z
Flipopia,2020-01-09,10,519882.9,2020-12-04T10:07:00Z
Tagopia,2021-02-25,14,432381.28571428574,2020-12-07T03:56:42Z
Meeveo,2020-10-23,10,572902.2,2020-10-29T02:24:02Z
Mydeo,2020-10-16,7,780571.0,2020-12-30T16:20:52Z
Snaptags,2020-02-06,12,502100.5833333333,2020-11-19T10:40:50Z
Riffpedia,2020-07-27,12,483775.0833333333,2020-12-20T05:46:54Z
Babbleblab,2020-08-24,10,564728.4,2020-12-30T16:23:57Z
Twitterbridge,2021-01-30,8,412025.875,2020-12-13T09:03:19Z
Vipe,2020-09-04,11,504143.63636363635,2020-10-22T05:22:06Z
Meemm,2021-11-06,16,634094.375,2020-12-15T03:04:10Z
Einti,2020-01-27,9,534326.2222222222,2020-11-15T13:17:55Z
Flashspan,2021-02-20,7,385869.0,2020-12-15T20:29:03Z
Mydeo,2020-10-02,8,353950.25,2020-10-30T14:56:29Z
Youspan,2020-06-30,9,657075.1111111111,2020-12-20T12:36:18Z
Devbug,2020-08-27,9,417602.6666666667,2020-11-02T21:33:03Z
Babblestorm,2020-09-29,9,435257.44444444444,2020-12-20T11:59:03Z
Dabjam,2021-09-24,9,508989.1111111111,2020-08-27T20:32:10Z
Wordify,2021-09-27,13,442691.23076923075,2020-09-30T06:57:06Z
Twimm,2020-05-11,9,424192.8888888889,2020-12-02T22:09:15Z
Flashset,2020-02-20,17,444847.82352941175,2020-12-20T15:26:04Z
Babbleblab,2020-10-28,9,472910.6666666667,2020-11-07T06:59:34Z
Jabbercube,2020-04-20,14,583569.5714285715,2020-11-23T03:43:50Z
Avaveo,2021-03-29,9,661843.8888888889,2020-11-18T14:51:13Z
Blogspan,2020-03-22,8,387378.375,2020-09-28T17:06:45Z
Eare,2020-05-02,8,459375.125,2020-12-27T16:37:49Z
Thoughtstorm,2020-06-23,12,560696.5,2020-12-25T06:24:23Z
Oyoba,2020-02-01,7,298697.14285714284,2020-12-24T08:54:44Z
Livetube,2020-06-11,6,492064.1666666667,2020-09-04T20:04:25Z
Topicblab,2021-05-12,8,596267.0,2020-12-10T21:30:51Z
Skinder,2021-10-09,12,615856.8333333334,2020-12-26T07:38:11Z
Innojam,2020-04-30,11,640540.8181818182,2020-11-23T17:38:49Z
Voonix,2020-06-07,11,456065.2727272727,2020-11-11T13:56:28Z
Meevee,2020-06-28,10,545145.5,2020-09-21T17:25:06Z
Brainsphere,2020-10-21,12,498867.1666666667,2020-11-23T08:04:16Z
Oyoyo,2020-09-12,8,434518.375,2020-11-07T00:42:52Z
Realcube,2021-10-26,14,679660.4285714285,2020-12-27T10:03:40Z
Fivebridge,2021-05-29,4,487189.75,2020-11-08T13:11:39Z
Janyx,2020-09-08,9,503750.6666666667,2020-10-13T22:31:58Z
Zoomzone,2021-10-01,6,481385.3333333333,2020-11-11T21:20:37Z
Photobug,2021-08-12,9,520996.55555555556,2020-12-21T02:37:25Z
Muxo,2020-02-10,7,635897.0,2020-08-17T06:23:11Z
Zoomlounge,2020-08-08,5,641144.6,2020-10-08T16:05:59Z
Wikido,2021-02-13,9,370872.44444444444,2020-12-30T14:55:27Z
Chatterbridge,2021-12-22,6,514791.1666666667,2020-09-24T06:57:36Z
Yabox,2021-12-24,8,608611.875,2020-12-09T14:39:39Z
Kazu,2021-12-05,9,472734.77777777775,2020-12-23T00:28:22Z
Oyoyo,2021-01-15,6,380473.8333333333,2020-11-30T10:30:40Z
Janyx,2020-05-22,14,588513.1428571428,2020-12-29T06:13:50Z
Eadel,2021-12-29,11,436397.7272727273,2020-12-05T09:26:59Z
Realcube,2020-01-16,6,514143.6666666667,2020-12-20T13:26:54Z
Digitube,2021-02-16,12,454184.9166666667,2020-12-05T08:29:19Z
Skidoo,2020-07-30,9,500714.8888888889,2020-11-20T13:24:48Z
Tagchat,2021-04-29,9,485145.22222222225,2020-12-13T08:56:30Z
Tagopia,2021-07-07,12,469646.8333333333,2020-12-28T06:17:46Z
Ailane,2021-09-20,10,453236.1,2020-09-27T22:03:08Z
Yotz,2021-09-01,11,421197.8181818182,2020-09-30T05:39:19Z
Flashspan,2021-06-27,8,539972.25,2020-12-24T00:44:07Z
Zoombox,2021-11-28,13,480822.07692307694,2020-12-25T06:49:30Z
Yacero,2021-08-30,11,360004.1818181818,2020-12-27T12:58:19Z
Bubblebox,2020-07-13,5,799089.8,2020-09-25T08:01:49Z
Flashpoint,2020-08-13,12,508758.3333333333,2020-10-19T18:04:02Z
Avavee,2021-02-17,5,575478.4,2020-11-29T10:53:51Z
Youopia,2020-12-08,8,707033.75,2020-11-05T17:02:30Z
Dabtype,2020-09-15,9,463778.44444444444,2020-12-13T01:59:03Z
Browsetype,2021-01-29,10,585852.4,2020-11-10T11:35:17Z
Edgewire,2021-06-04,11,609526.9090909091,2020-10-24T06:25:13Z
Voomm,2021-09-14,8,475990.0,2020-11-18T07:10:43Z
Trilith,2021-07-15,13,451683.23076923075,2020-12-13T14:14:57Z
Zoonder,2021-01-17,12,523164.0,2020-12-10T14:47:23Z
Vipe,2021-12-02,12,535416.5833333334,2020-12-25T02:14:35Z
Fadeo,2021-12-17,8,588151.625,2020-12-02T08:01:55Z
Oyoba,2021-06-12,13,524505.0769230769,2020-12-24T12:10:10Z
Twitterlist,2020-01-10,12,566938.5833333334,2020-12-05T06:46:00Z
Skivee,2021-06-15,3,376352.6666666667,2020-12-16T18:30:26Z
Skynoodle,2021-07-14,14,467519.64285714284,2020-11-26T08:52:07Z
Npath,2021-02-01,11,646784.0,2020-10-31T14:21:49Z
Cogilith,2020-01-02,5,309745.2,2020-12-19T09:58:52Z
Quinu,2020-09-01,19,500963.0,2020-12-27T20:34:16Z
Mynte,2021-03-14,11,466881.7272727273,2020-12-16T02:21:36Z
Edgepulse,2020-03-09,6,520956.1666666667,2020-10-20T09:00:31Z
Roodel,2020-08-21,7,378501.14285714284,2020-12-21T13:31:28Z
Ozu,2020-07-08,11,422590.0909090909,2020-10-17T21:23:32Z
Topdrive,2020-10-11,17,408114.0,2020-12-26T11:53:59Z
Wordware,2021-02-13,7,422279.0,2020-11-04T13:03:43Z
Fivespan,2021-07-28,3,651352.0,2020-12-14T01:06:22Z
Dazzlesphere,2021-07-17,14,415434.14285714284,2020-12-19T06:31:17Z
Linktype,2020-03-09,12,524647.5833333334,2020-11-13T05:51:47Z
Mybuzz,2021-06-10,13,590676.9230769231,2020-11-24T20:05:23Z
Roodel,2021-07-28,8,536113.5,2020-12-22T14:18:11Z
Thoughtbridge,2021-06-16,13,572125.0,2020-11-02T06:11:55Z
Kanoodle,2020-08-05,5,562215.6,2020-08-22T05:45:54Z
Dabtype,2021-01-28,6,544450.1666666666,2020-11-10T21:22:28Z
Linklinks,2021-06-08,6,463873.0,2020-07-17T15:44:22Z
Vinder,2021-04-28,8,401527.875,2020-10-10T20:06:42Z
Feedmix,2021-10-28,11,501232.9090909091,2020-12-07T13:04:20Z
Digitube,2020-10-28,13,467909.6923076923,2020-11-26T02:14:56Z
Rhyloo,2020-01-25,10,448486.9,2020-11-22T22:19:32Z
Youspan,2021-02-18,13,531177.6153846154,2020-11-25T03:25:38Z
Vinder,2020-12-29,4,385649.75,2020-10-21T11:56:14Z
Skilith,2021-01-08,10,587054.1,2020-10-06T12:54:42Z
Wikizz,2020-03-17,13,462852.92307692306,2020-12-13T14:45:50Z
Quimm,2021-03-05,12,365937.5,2020-12-04T08:58:48Z
Eazzy,2020-10-27,9,508480.8888888889,2020-12-27T07:34:04Z
Flashdog,2021-09-16,16,587098.0625,2020-12-28T23:38:31Z
Kwimbee,2020-08-29,12,380716.0833333333,2020-11-29T20:23:39Z
Jaloo,2021-03-30,8,698643.625,2020-12-12T12:49:01Z
Topdrive,2020-11-15,17,421260.17647058825,2020-11-25T05:26:40Z
Rooxo,2020-01-19,14,555737.1428571428,2020-12-27T08:50:06Z
Yodel,2021-12-26,8,569574.625,2020-12-24T17:16:04Z
Dynazzy,2020-03-01,9,456129.55555555556,2020-09-17T14:30:16Z
Meetz,2020-01-09,5,582184.0,2020-11-24T16:49:30Z
Jabberbean,2020-11-08,10,583859.8,2020-10-10T09:01:01Z
Skiba,2021-10-25,8,431869.5,2020-09-23T05:17:59Z
Feednation,2020-02-26,9,412920.3333333333,2020-11-19T13:15:05Z
Trudeo,2021-01-27,10,489252.7,2020-11-24T02:06:40Z
Jaxspan,2021-04-07,9,568850.3333333334,2020-12-30T05:21:23Z
Chatterbridge,2020-02-29,11,687751.0909090909,2020-10-07T01:06:16Z
Mudo,2020-12-31,8,605339.5,2020-12-28T19:49:57Z
Youtags,2021-07-03,8,428801.875,2020-12-18T16:27:04Z
Tazzy,2021-06-05,13,516864.1538461539,2020-09-19T07:22:44Z
Skyba,2021-10-24,6,437284.3333333333,2020-11-15T17:59:40Z
Jabbersphere,2020-02-03,16,623931.0,2020-12-30T09:16:58Z
Ozu,2021-12-22,9,615640.0,2020-12-03T13:32:21Z
Gigaclub,2021-09-26,3,368450.6666666667,2020-09-07T19:56:24Z
Flashpoint,2021-02-24,10,509327.3,2020-12-29T23:43:26Z
Feedbug,2021-10-27,6,575179.8333333334,2020-12-13T15:01:58Z
Bluejam,2021-08-06,6,491075.6666666667,2020-08-30T04:41:58Z
Devbug,2021-03-10,5,737658.4,2020-11-26T17:35:19Z
Fivebridge,2021-09-26,11,635794.5454545454,2020-12-27T23:44:05Z
Zoomzone,2021-12-27,10,406586.4,2020-12-13T17:28:14Z
Blogtags,2021-03-04,6,537800.1666666666,2020-12-28T07:54:02Z
Jetpulse,2021-10-11,7,540496.5714285715,2020-12-28T03:54:32Z
Youtags,2020-03-15,10,435286.5,2020-12-27T17:15:29Z
Eazzy,2021-02-24,5,364335.6,2020-12-15T14:52:50Z
Tagpad,2021-04-10,9,357677.6666666667,2020-11-10T23:15:02Z
Youspan,2021-01-26,6,475405.0,2020-11-24T05:48:35Z
Yakijo,2020-04-15,6,281182.6666666667,2020-12-15T08:37:13Z
Shuffletag,2021-06-13,7,466939.0,2020-12-27T05:00:40Z
Yakidoo,2021-10-11,14,616860.0714285715,2020-12-20T08:21:14Z
Topicblab,2020-03-15,10,485676.8,2020-12-20T04:13:09Z
Jayo,2021-05-04,11,535271.9090909091,2020-10-13T05:02:14Z
Vitz,2020-03-11,6,622766.5,2020-12-30T04:17:14Z
Divanoodle,2021-12-07,7,591776.4285714285,2020-08-19T13:42:23Z
Mita,2020-07-19,17,549131.4117647059,2020-12-08T21:54:59Z
Mycat,2020-10-26,13,344991.07692307694,2020-12-26T06:37:07Z
Topicshots,2021-05-27,9,467222.77777777775,2020-12-16T22:08:37Z
Twinte,2020-12-13,15,588140.6666666666,2020-11-16T15:13:37Z
Zoomdog,2021-06-20,12,464936.3333333333,2020-10-18T01:49:19Z
Thoughtstorm,2021-08-02,7,310722.28571428574,2020-11-02T07:06:11Z
Fivebridge,2021-01-07,12,558585.5,2020-09-15T22:36:17Z
Fivechat,2021-01-23,10,498468.1,2020-09-20T16:07:48Z
Vinte,2021-11-16,14,388216.5,2020-08-12T02:57:54Z
Tagchat,2021-05-29,8,719515.125,2020-11-09T08:50:45Z
Realcube,2021-02-22,16,567705.25,2020-11-21T14:11:41Z
Tanoodle,2021-03-01,12,487105.1666666667,2020-10-14T12:12:53Z
Linkbuzz,2020-04-30,6,440291.0,2020-10-24T06:06:40Z
Wordware,2021-04-24,3,444111.3333333333,2020-11-08T09:37:39Z
Riffpedia,2021-10-24,8,484854.375,2020-12-22T18:40:12Z
Quire,2020-01-24,11,578722.9090909091,2020-12-12T14:10:09Z
Skivee,2021-03-11,9,504135.44444444444,2020-12-23T15:59:25Z
Fanoodle,2021-03-30,17,564814.5882352941,2020-11-12T08:57:56Z
Minyx,2020-02-09,12,451808.3333333333,2020-12-05T21:43:34Z
Jetwire,2020-01-16,12,657534.9166666666,2020-12-26T03:53:28Z
Jetwire,2020-10-24,6,629635.5,2020-10-29T15:26:01Z
Trupe,2021-08-11,10,483942.1,2020-09-01T18:40:10Z
Flipstorm,2020-04-29,11,520512.9090909091,2020-11-30T23:50:07Z
Skilith,2020-07-18,8,433389.5,2020-12-02T08:33:09Z
Layo,2021-10-01,10,467803.3,2020-11-28T09:01:38Z
Skalith,2021-11-27,12,564194.5,2020-12-23T22:04:11Z
Miboo,2021-01-05,14,620167.1428571428,2020-12-22T07:58:34Z
Avamba,2020-02-28,8,535207.0,2020-11-14T22:52:01Z
Katz,2021-07-04,10,574357.2,2020-12-21T07:36:02Z
Innotype,2020-07-07,10,510101.6,2020-11-27T13:53:07Z
Skipfire,2021-06-06,8,533752.0,2020-12-06T12:20:23Z
Fatz,2021-06-07,14,583775.5,2020-11-12T17:33:29Z
Skivee,2020-01-23,15,527179.0,2020-11-20T08:14:32Z
Mymm,2020-09-10,11,434409.7272727273,2020-12-19T19:05:50Z
Skaboo,2020-03-03,10,512905.5,2020-11-26T10:08:21Z
Youspan,2020-10-09,15,497198.93333333335,2020-12-23T06:40:36Z
Wikivu,2021-11-24,9,277823.0,2020-11-04T02:11:21Z
Trilia,2021-07-27,10,557570.1,2020-12-28T05:33:21Z
Flipopia,2021-11-12,7,578165.4285714285,2020-11-28T17:25:11Z
Realbridge,2021-03-10,15,627603.6,2020-12-17T03:41:29Z
Fanoodle,2021-02-14,15,561648.4666666667,2020-11-14T09:22:10Z
Gigabox,2021-07-25,9,609308.5555555555,2020-11-26T12:39:28Z
Roodel,2020-07-18,10,346613.3,2020-12-28T10:35:30Z
Dazzlesphere,2020-12-20,10,507191.0,2020-10-31T01:23:42Z
Skippad,2020-05-31,8,665077.375,2020-12-09T23:23:34Z
Jaxnation,2020-02-27,8,431663.0,2020-12-30T00:07:16Z
Browsetype,2021-05-05,6,540511.0,2020-10-31T14:58:17Z
Browsebug,2020-09-17,8,516173.75,2020-11-18T04:31:00Z
Gigabox,2021-03-24,10,471578.2,2020-12-21T19:59:57Z
Jaloo,2021-02-19,8,599075.5,2020-10-15T00:17:26Z
Avavee,2021-02-16,8,475062.25,2020-12-18T22:33:48Z
Gabspot,2020-03-02,13,398624.8461538461,2020-12-21T15:09:49Z
Minyx,2020-01-26,7,423281.71428571426,2020-09-21T20:12:03Z
Riffwire,2020-09-25,15,504167.3333333333,2020-10-21T22:29:44Z
Skinte,2020-07-10,13,685238.8461538461,2020-12-17T20:28:42Z
Kimia,2021-06-29,8,529146.625,2020-11-27T00:36:57Z
Gigaclub,2021-11-14,12,441278.75,2020-12-28T21:55:06Z
Demimbu,2020-02-12,14,578548.7857142857,2020-12-04T03:16:40Z
Thoughtbridge,2020-03-28,10,518874.0,2020-12-16T13:36:21Z
Eadel,2021-12-16,10,501454.2,2020-12-05T09:45:31Z
Feedfish,2020-06-18,11,477906.8181818182,2020-12-17T23:03:45Z
Twitterworks,2020-12-20,4,543753.0,2020-10-21T00:43:29Z
Aibox,2021-08-02,9,566490.3333333334,2020-11-21T11:11:21Z
Skimia,2020-10-05,7,557659.1428571428,2020-12-22T04:45:49Z
Lajo,2020-01-20,7,607662.1428571428,2020-09-11T20:19:56Z
Centidel,2021-02-12,12,451637.6666666667,2020-12-30T04:14:26Z
Twitterworks,2021-11-08,10,378012.2,2020-11-18T15:20:54Z
Bluezoom,2021-03-10,9,449653.8888888889,2020-12-12T03:15:41Z
Zoozzy,2021-06-30,9,499509.44444444444,2020-10-18T09:34:22Z
Oyonder,2021-10-16,10,428187.2,2020-12-21T21:26:01Z
Jaxnation,2021-03-18,8,494940.125,2020-12-19T09:27:56Z
Oyope,2020-03-30,9,507768.0,2020-12-25T08:18:41Z
Digitube,2021-07-22,9,556965.1111111111,2020-11-11T16:13:49Z
Aivee,2020-08-14,15,467196.13333333336,2020-12-30T23:02:03Z
Yombu,2020-05-10,9,364467.8888888889,2020-11-30T11:27:58Z
Mybuzz,2020-09-13,7,640879.5714285715,2020-11-12T19:10:00Z
Rhynoodle,2020-02-01,4,470379.5,2020-09-19T14:19:39Z
Livefish,2021-11-09,9,404506.77777777775,2020-10-21T23:32:44Z
Babbleblab,2020-11-30,12,364229.6666666667,2020-09-29T20:41:13Z
Cogibox,2021-12-18,8,391249.875,2020-12-06T07:47:58Z
Linktype,2020-09-26,15,538837.8666666667,2020-12-09T13:20:20Z
Zoomzone,2020-09-22,10,457318.4,2020-08-11T02:28:36Z
Jayo,2021-07-09,15,588149.0666666667,2020-12-24T09:35:28Z
Jayo,2020-02-09,7,550251.5714285715,2020-12-26T21:30:06Z
Skimia,2021-07-17,8,579426.75,2020-11-19T19:20:44Z
Bubbletube,2020-03-05,7,459755.5714285714,2020-12-05T18:53:06Z
Devpoint,2021-11-30,7,400060.85714285716,2020-10-19T22:20:37Z
Lazzy,2021-07-12,6,439644.8333333333,2020-11-22T19:20:50Z
Vimbo,2021-11-16,7,641459.1428571428,2020-12-17T13:06:37Z
Feedspan,2020-04-18,11,582990.4545454546,2020-12-21T08:16:29Z
Voomm,2021-07-22,10,411596.9,2020-12-22T15:13:25Z
Dabtype,2021-11-08,9,454314.44444444444,2020-11-27T02:29:09Z
Mita,2020-07-31,9,541008.2222222222,2020-11-07T00:34:49Z
Feedmix,2021-03-26,5,461019.6,2020-10-10T05:40:59Z
Twinder,2021-08-21,11,480002.9090909091,2020-12-12T19:14:21Z
Skyvu,2020-09-05,17,471627.23529411765,2020-12-27T07:46:10Z
Shuffletag,2021-11-05,6,544698.1666666666,2020-07-14T13:10:31Z
Skajo,2020-02-11,8,584282.875,2020-10-28T13:06:08Z
Latz,2021-05-20,13,543911.7692307692,2020-12-29T01:22:12Z
Npath,2021-01-18,11,716431.2727272727,2020-12-25T01:01:20Z
Wikibox,2021-09-09,10,504068.2,2020-12-17T05:53:21Z
Skimia,2020-09-08,8,395985.875,2020-10-28T12:53:46Z
Brightbean,2021-05-24,10,548820.8,2020-12-17T12:49:10Z
Youfeed,2020-10-05,14,461377.85714285716,2020-11-24T23:31:42Z
Eayo,2021-02-05,8,425028.0,2020-12-15T06:42:18Z
Fadeo,2021-12-30,11,529618.0909090909,2020-11-15T10:41:46Z
Devify,2020-01-05,9,632614.4444444445,2020-11-22T02:09:52Z
Abatz,2020-11-13,7,723874.5714285715,2020-11-17T04:33:57Z
Feednation,2020-02-25,11,468590.8181818182,2020-12-25T05:41:58Z
Quimm,2021-12-16,8,511439.0,2020-12-23T07:05:50Z
Cogibox,2020-01-26,15,431796.13333333336,2020-12-22T15:59:59Z
Realcube,2021-10-30,11,486113.8181818182,2020-09-24T16:37:41Z
Devify,2020-02-27,9,531447.2222222222,2020-10-13T05:53:39Z
Geba,2021-08-07,10,618634.3,2020-12-24T11:19:43Z
Lazz,2021-12-10,15,585851.4666666667,2020-12-08T07:16:58Z
Skipfire,2021-09-18,8,482948.375,2020-11-27T12:32:21Z
Skiptube,2020-12-19,9,382497.8888888889,2020-11-18T20:24:42Z
Wordpedia,2021-09-24,7,699313.8571428572,2020-12-02T19:35:10Z
Ainyx,2021-11-11,15,417950.26666666666,2020-12-30T07:11:02Z
Zoomdog,2021-07-02,9,708346.2222222222,2020-11-08T12:24:21Z
Jazzy,2020-10-22,4,582837.0,2020-09-17T08:21:13Z
Katz,2020-10-07,8,433700.125,2020-12-19T22:16:20Z
Youtags,2020-02-26,18,618389.3888888889,2020-10-23T14:17:01Z
Wordtune,2020-12-21,12,482949.0,2020-11-27T15:45:10Z
Viva,2020-02-09,13,608089.0,2020-12-22T07:10:16Z
Skyba,2020-06-17,8,550763.625,2020-10-12T18:01:35Z
Divanoodle,2021-03-11,12,473873.9166666667,2020-11-17T05:51:33Z
Zava,2020-03-18,6,569398.5,2020-12-14T13:02:48Z
Twinder,2020-10-23,14,460070.85714285716,2020-12-14T04:08:43Z
Riffwire,2020-12-22,13,451108.6923076923,2020-12-24T13:21:41Z
Cogidoo,2020-03-22,12,537651.9166666666,2020-12-10T03:30:57Z
Tagfeed,2020-06-09,13,578579.8461538461,2020-12-14T08:52:38Z
Realcube,2020-04-20,8,615313.125,2020-09-22T03:26:31Z
Yata,2020-07-26,15,466174.73333333334,2020-12-29T01:45:07Z
Dynava,2021-08-19,12,511162.75,2020-12-14T05:13:32Z
Meedoo,2020-05-15,9,380741.1111111111,2020-11-04T02:54:27Z
Dabvine,2021-12-14,9,466154.55555555556,2020-12-21T14:33:14Z
Twimm,2021-02-05,5,463583.8,2020-11-29T18:34:02Z
Skipfire,2021-02-12,11,440341.9090909091,2020-12-08T06:24:42Z
Wordpedia,2020-08-24,9,552465.8888888889,2020-12-25T12:33:41Z
Abatz,2020-03-21,13,549011.5384615385,2020-11-18T11:21:01Z
Eamia,2020-09-02,11,453547.1818181818,2020-12-17T05:21:32Z
Centizu,2020-10-21,11,540958.5454545454,2020-12-26T00:49:29Z
Flipbug,2021-05-24,10,482460.3,2020-12-24T21:57:50Z
Trudeo,2021-04-02,9,457003.3333333333,2020-12-24T14:07:46Z
Thoughtbridge,2020-03-30,10,549192.2,2020-12-24T13:29:44Z
Oozz,2020-09-16,12,438959.9166666667,2020-10-13T22:12:50Z
Vimbo,2021-08-28,5,614506.8,2020-12-06T01:05:31Z
Fivebridge,2021-11-26,2,532924.0,2020-08-31T03:01:17Z
Brainverse,2020-02-11,1,688172.0,2020-11-19T13:31:56Z
JumpXS,2021-02-10,12,570942.5833333334,2020-11-16T08:08:11Z
Twitterwire,2021-06-28,15,497705.06666666665,2020-11-23T13:37:26Z
DabZ,2021-08-03,15,591667.3333333334,2020-12-21T19:34:46Z
Rhyzio,2021-03-25,12,583674.25,2020-11-19T10:58:40Z
Quimba,2021-07-07,6,462674.8333333333,2020-12-02T07:38:00Z
Yombu,2020-02-09,21,478544.3333333333,2020-12-21T13:50:10Z
Fivechat,2020-01-15,5,402820.4,2020-07-06T06:22:29Z
Ailane,2021-04-30,13,356817.46153846156,2020-12-16T16:15:18Z
Realpoint,2021-08-06,7,385781.4285714286,2020-11-11T14:09:05Z
Oyoba,2021-07-04,7,479020.0,2020-08-28T01:44:28Z
Babbleset,2020-06-27,15,485278.0,2020-12-15T03:12:51Z
Realbridge,2021-11-22,4,411464.5,2020-10-01T05:28:02Z
Topiczoom,2020-08-15,7,441802.85714285716,2020-12-03T03:47:55Z
Cogidoo,2021-07-20,2,434077.5,2020-12-12T21:56:06Z
Mydeo,2020-05-05,16,682469.375,2020-12-30T22:14:39Z
Kimia,2021-01-22,9,534124.2222222222,2020-08-18T21:34:35Z
Gabtype,2021-12-15,14,647569.3571428572,2020-12-06T01:08:16Z
Jabbersphere,2021-03-25,9,671891.7777777778,2020-12-17T16:56:26Z
Youspan,2021-12-30,11,551005.0,2020-12-20T06:13:56Z
Bubblemix,2021-03-16,14,471020.78571428574,2020-11-29T09:34:58Z
Zoomdog,2020-04-07,8,631720.5,2020-12-04T07:11:27Z
Jaxspan,2020-04-23,13,515757.8461538461,2020-11-26T11:21:00Z
Babbleblab,2021-03-12,5,588018.0,2020-12-20T08:26:21Z
Eire,2021-03-13,9,397879.3333333333,2020-12-21T18:31:45Z
Fiveclub,2021-03-19,9,684793.6666666666,2020-11-19T12:49:15Z
Eire,2021-12-01,12,497190.4166666667,2020-12-27T17:22:24Z
Vinder,2021-04-29,8,513806.625,2020-12-09T15:46:46Z
Kanoodle,2021-07-19,7,710951.0,2020-12-02T21:28:54Z
Mycat,2020-03-15,14,508676.71428571426,2020-12-26T01:43:01Z
Wordify,2020-01-21,11,504103.8181818182,2020-10-04T04:14:47Z
Tagopia,2021-01-31,8,699729.5,2020-10-02T01:34:13Z
Fadeo,2020-08-03,10,500726.4,2020-11-22T19:38:33Z
Tagfeed,2021-01-19,12,629034.25,2020-12-24T19:45:27Z
Blogpad,2021-06-11,10,569774.8,2020-12-04T19:46:13Z
Twitterlist,2021-04-24,14,530382.7857142857,2020-11-29T00:27:00Z
Oloo,2020-03-17,8,593688.125,2020-12-29T16:16:31Z
Divape,2021-02-22,13,553352.1538461539,2020-12-30T15:22:00Z
Flipstorm,2021-01-05,14,425490.71428571426,2020-12-26T16:30:09Z
Tanoodle,2021-08-23,6,693765.6666666666,2020-09-12T21:33:57Z
Voolith,2021-02-08,16,403486.8125,2020-12-17T21:53:44Z
Oba,2020-08-02,15,506383.0,2020-11-17T04:55:22Z
Skipstorm,2020-01-11,5,512254.8,2020-11-23T17:36:21Z
Chatterpoint,2021-06-13,19,477790.05263157893,2020-12-24T16:11:11Z
Brightdog,2020-10-16,10,554967.9,2020-12-29T00:24:05Z
Abatz,2020-09-12,8,434281.5,2020-12-07T21:36:38Z
Rhyzio,2020-04-11,14,371905.21428571426,2020-12-28T08:34:31Z
Blogpad,2021-03-14,11,357421.0,2020-11-17T13:30:36Z
Jabbersphere,2021-01-26,10,404678.9,2020-12-05T23:06:04Z
LiveZ,2021-04-03,10,462067.2,2020-12-03T08:27:16Z
Dabvine,2020-06-27,7,322458.85714285716,2020-12-27T21:41:47Z
Npath,2020-03-05,12,377682.9166666667,2020-11-24T11:14:45Z
Twitternation,2021-08-31,5,389748.8,2020-10-29T17:39:05Z
Oozz,2021-10-25,10,443934.3,2020-12-29T04:10:39Z
Flipbug,2021-08-22,13,507800.8461538461,2020-12-29T19:21:31Z
Trudeo,2021-08-25,13,537371.0,2020-12-16T09:03:54Z
Skimia,2020-04-07,16,457333.5,2020-10-08T15:13:54Z
Yakijo,2021-01-30,12,488463.0833333333,2020-12-29T19:24:38Z
Gigabox,2021-01-25,9,464217.22222222225,2020-12-09T18:52:43Z
Skyba,2020-09-06,17,455047.5294117647,2020-11-23T07:48:57Z
Janyx,2020-10-07,12,536492.5833333334,2020-12-07T20:28:35Z
Dabvine,2021-10-28,9,397629.1111111111,2020-11-04T06:33:12Z
Pixope,2020-12-28,7,430224.28571428574,2020-12-12T07:01:31Z
Skibox,2021-12-20,12,501926.75,2020-12-10T14:14:30Z
Kazio,2021-05-15,7,432199.28571428574,2020-10-31T08:01:18Z
Kare,2020-11-21,9,384815.8888888889,2020-11-25T20:49:07Z
Roomm,2020-08-13,10,551716.7,2020-12-22T20:39:59Z
Photospace,2021-07-07,8,442007.0,2020-08-21T05:59:50Z
Oba,2021-01-21,9,588380.8888888889,2020-10-28T15:07:37Z
Twinder,2021-09-11,11,652545.7272727273,2020-12-01T07:28:17Z
Blogtag,2021-08-27,8,501130.125,2020-12-26T10:58:56Z
Quire,2020-08-13,13,374285.0,2020-12-02T03:40:46Z
Rhybox,2021-09-20,10,582991.3,2020-11-16T17:39:17Z
Skivee,2021-12-21,8,576192.75,2020-12-26T12:10:44Z
Wordpedia,2021-12-25,9,394557.3333333333,2020-12-16T05:13:23Z
Yacero,2020-02-13,13,513031.76923076925,2020-12-20T19:24:58Z
Thoughtbridge,2020-07-07,9,389895.22222222225,2020-12-28T22:01:23Z
Miboo,2021-10-22,11,557162.7272727273,2020-12-13T04:26:14Z
Skyvu,2020-05-23,7,620174.1428571428,2020-12-22T21:58:13Z
Wordtune,2021-04-12,9,501132.44444444444,2020-12-19T13:42:44Z
Aimbu,2020-04-27,9,482484.3333333333,2020-09-20T12:11:43Z
Pixoboo,2021-08-21,12,679137.5833333334,2020-12-16T22:46:30Z
Katz,2020-06-23,7,692180.1428571428,2020-12-15T05:42:44Z
Thoughtworks,2021-12-20,13,380585.23076923075,2020-12-22T12:45:00Z
Rooxo,2020-01-17,10,455280.4,2020-12-30T06:37:23Z
Eimbee,2021-02-08,15,416504.4666666667,2020-12-17T10:04:16Z
Mynte,2021-07-15,13,552455.2307692308,2020-10-27T20:27:17Z
Feedfish,2020-12-19,13,584097.5384615385,2020-12-15T20:58:17Z
Tambee,2020-03-11,16,461214.9375,2020-11-22T17:16:49Z
Kazio,2020-09-30,6,524514.0,2020-11-12T22:31:41Z
Dynabox,2020-11-22,6,380012.0,2020-12-16T02:39:36Z
Jamia,2021-12-12,11,500770.7272727273,2020-12-23T10:42:13Z
Divanoodle,2020-01-23,7,630351.5714285715,2020-12-06T17:33:04Z
Ainyx,2020-03-28,11,631513.0909090909,2020-10-01T23:19:32Z
Wikizz,2021-02-04,5,566076.0,2020-08-11T04:51:41Z
Twitternation,2021-12-11,8,461062.0,2020-06-29T04:15:13Z
Linkbridge,2020-04-08,5,429134.0,2020-08-15T06:55:04Z
Browseblab,2021-02-05,8,535997.125,2020-12-08T22:36:54Z
Devbug,2021-07-27,16,504802.4375,2020-12-06T07:36:09Z
Jabbercube,2021-08-30,8,663904.75,2020-10-23T19:36:38Z
Realfire,2020-12-16,6,576241.3333333334,2020-11-22T08:09:34Z
Browsetype,2021-08-14,5,440966.6,2020-10-07T09:00:57Z
Skyble,2020-01-16,8,545830.0,2020-11-13T04:22:26Z
Voolith,2020-03-12,8,513028.625,2020-12-06T09:00:12Z
Kazu,2020-03-12,12,529826.25,2020-12-21T13:29:08Z
Innotype,2021-04-20,11,514825.2727272727,2020-12-03T11:53:33Z
Buzzdog,2021-08-19,13,622569.8461538461,2020-11-06T05:14:06Z
Brainlounge,2020-03-25,13,471678.6923076923,2020-10-17T06:30:12Z
Fivebridge,2020-01-20,12,460486.75,2020-12-09T12:19:29Z
Wikivu,2020-10-15,8,492970.75,2020-12-14T17:31:59Z
Meedoo,2020-12-13,11,488811.63636363635,2020-11-18T08:07:41Z
Jayo,2021-09-10,11,496497.36363636365,2020-12-05T00:23:30Z
Meembee,2020-07-01,9,531808.3333333334,2020-11-24T16:48:23Z
Trudoo,2020-07-30,7,582077.1428571428,2020-12-21T21:54:07Z
Mita,2020-06-24,8,391291.75,2020-12-13T16:30:21Z
Topicstorm,2020-06-23,5,483386.6,2020-12-08T23:22:02Z
Youspan,2021-10-10,12,533234.75,2020-12-21T02:23:36Z
Rooxo,2020-08-26,12,499850.6666666667,2020-12-12T04:29:33Z
Yacero,2021-12-22,8,651793.0,2020-12-02T04:59:09Z
Livetube,2021-12-24,14,559243.0,2020-10-15T07:19:45Z
Linklinks,2021-03-01,10,766435.6,2020-12-02T14:41:41Z
Midel,2021-10-10,10,587687.3,2020-11-12T16:06:09Z
Einti,2021-03-29,7,456277.28571428574,2020-12-07T00:29:55Z
Tekfly,2020-07-23,9,512459.0,2020-12-21T19:45:32Z
Roomm,2021-03-18,10,547009.6,2020-11-14T05:56:01Z
Yata,2020-03-11,9,724047.5555555555,2020-09-24T19:11:23Z
Pixonyx,2020-09-24,7,472793.71428571426,2020-12-29T09:39:37Z
Abatz,2020-07-17,7,390748.28571428574,2020-11-13T16:12:26Z
Edgewire,2021-12-14,14,397480.71428571426,2020-12-20T06:11:52Z
Skinder,2021-01-16,8,617997.0,2020-11-18T22:16:51Z
Twitterworks,2021-01-28,8,528506.5,2020-09-26T06:26:48Z
Rhynoodle,2021-08-04,13,400557.1538461539,2020-12-30T15:33:36Z
Omba,2021-09-24,10,513732.6,2020-12-27T23:44:08Z
Youspan,2021-11-03,8,385943.625,2020-11-09T01:48:40Z
Lazz,2021-07-27,7,567113.8571428572,2020-12-26T23:01:48Z
Trunyx,2020-01-29,10,549652.2,2020-11-30T00:06:25Z
Browsecat,2020-06-17,12,593330.25,2020-10-12T01:45:48Z
Babblestorm,2021-07-14,9,505726.22222222225,2020-10-24T14:05:14Z
Brainsphere,2020-12-19,8,638713.25,2020-12-30T20:01:52Z
Ainyx,2020-09-08,8,400412.5,2020-12-25T03:04:36Z
Mynte,2020-09-28,13,500115.6153846154,2020-12-04T22:47:14Z
Voonix,2021-05-13,13,519676.6923076923,2020-12-13T21:36:53Z
Devshare,2020-06-11,10,397156.9,2020-12-24T02:27:11Z
Edgewire,2020-05-02,8,395598.625,2020-12-29T13:15:51Z
Tagpad,2021-10-14,5,466569.4,2020-12-20T10:51:25Z
Realpoint,2021-11-02,9,594735.4444444445,2020-10-02T12:11:01Z
Devpoint,2020-07-18,11,519602.0909090909,2020-10-15T11:25:49Z
Fivespan,2021-09-14,8,430670.0,2020-12-19T15:33:23Z
Aivee,2021-04-19,10,451501.2,2020-10-08T06:10:28Z
Jabbersphere,2021-11-29,8,624782.75,2020-12-08T16:03:08Z
Jabbersphere,2020-08-29,6,577591.5,2020-12-27T16:53:13Z
Thoughtstorm,2020-07-01,8,369751.875,2020-09-24T03:12:51Z
Zoonder,2021-02-07,6,431866.5,2020-10-07T19:50:41Z
Buzzshare,2021-01-14,7,417038.14285714284,2020-12-10T02:46:09Z
Eamia,2021-12-27,10,527010.5,2020-11-10T01:46:30Z
Kwinu,2021-06-09,9,661445.2222222222,2020-12-22T12:37:14Z
Skippad,2021-12-25,10,540991.7,2020-11-21T03:22:20Z
Wordtune,2021-10-26,6,680883.5,2020-10-08T07:58:38Z
Roodel,2020-03-22,8,632998.75,2020-12-01T10:59:31Z
Dabjam,2020-03-01,8,726407.75,2020-12-26T09:29:03Z
Gabcube,2020-04-27,13,512636.6923076923,2020-12-26T12:30:21Z
Brainsphere,2021-01-06,8,579128.0,2020-11-11T17:07:30Z
Jayo,2020-05-14,9,520237.44444444444,2020-12-28T03:48:42Z
Dabjam,2021-06-18,13,591825.0,2020-12-26T02:49:10Z
Oyonder,2020-12-12,10,568788.8,2020-12-04T09:01:12Z
Zoomlounge,2020-02-25,12,490768.0,2020-12-05T05:53:36Z
Zoomzone,2021-05-23,9,300970.0,2020-11-22T20:20:14Z
Gigashots,2021-05-28,11,462120.54545454547,2020-11-13T21:06:47Z
Blogspan,2021-09-25,9,454635.6666666667,2020-10-30T10:06:10Z
Edgetag,2020-07-20,11,474687.54545454547,2020-11-11T11:02:23Z
Dablist,2020-05-31,9,370092.77777777775,2020-12-16T06:09:06Z
Livetube,2020-11-17,11,709450.2727272727,2020-12-15T21:42:13Z
Kazio,2020-08-12,14,695800.0714285715,2020-11-12T15:23:46Z
Zoombeat,2020-09-29,11,580225.7272727273,2020-11-27T04:10:18Z
Bubblebox,2020-07-01,11,406696.9090909091,2020-09-26T23:13:12Z
Photolist,2020-09-08,15,489886.3333333333,2020-11-21T13:54:13Z
Lazzy,2021-07-01,9,431436.0,2020-11-14T21:02:06Z
Skiptube,2021-01-16,13,502697.53846153844,2020-12-24T08:17:40Z
Gigaclub,2021-09-07,8,471326.5,2020-12-19T19:52:49Z
Photospace,2020-04-30,11,618191.3636363636,2020-12-18T16:18:14Z
Bubblemix,2020-08-27,14,402147.0714285714,2020-11-10T23:28:01Z
Bubblemix,2021-10-06,13,392916.92307692306,2020-12-01T19:46:32Z
Quatz,2020-05-24,9,390687.55555555556,2020-10-12T19:27:47Z
Twitterwire,2020-02-06,11,491564.2727272727,2020-12-28T00:43:00Z
Myworks,2020-12-21,11,507692.2727272727,2020-12-04T17:23:16Z
Yamia,2020-05-31,9,463289.77777777775,2020-12-28T12:20:23Z
Eayo,2020-04-20,7,322776.4285714286,2020-12-06T08:27:39Z
Avamm,2020-12-07,16,404270.9375,2020-12-16T08:11:53Z
Mybuzz,2021-05-09,7,326256.4285714286,2020-12-09T15:28:43Z
Dabshots,2020-09-09,7,622480.0,2020-11-11T23:06:58Z
Youspan,2021-03-26,10,490335.9,2020-12-20T02:04:25Z
Yabox,2021-09-15,8,332466.75,2020-11-06T07:32:32Z
Linkbuzz,2021-01-10,12,570216.4166666666,2020-10-09T09:33:48Z
Yadel,2021-03-15,11,518716.63636363635,2020-12-23T15:17:12Z
Edgeclub,2020-09-18,8,420416.0,2020-12-24T03:02:38Z
Jatri,2020-09-10,9,566981.8888888889,2020-12-10T08:22:42Z
Youfeed,2020-04-21,6,482257.8333333333,2020-11-22T06:00:06Z
Photobug,2021-09-03,16,575213.9375,2020-11-10T06:54:40Z
Edgeblab,2020-01-04,10,452428.9,2020-11-28T21:43:28Z
Divanoodle,2021-04-09,14,431125.28571428574,2020-12-17T16:02:56Z
Skiba,2020-02-01,7,376082.28571428574,2020-12-18T20:21:27Z
Topicblab,2020-10-31,8,342487.5,2020-11-30T01:10:19Z
Npath,2021-05-04,13,535986.6153846154,2020-12-29T12:35:11Z
Blogpad,2021-01-12,10,452189.4,2020-12-14T17:18:49Z
Quimba,2021-11-20,9,464741.77777777775,2020-11-11T10:43:21Z
Thoughtworks,2020-04-15,9,451865.55555555556,2020-11-30T06:51:05Z
Eare,2021-06-27,4,521952.75,2020-11-15T20:35:31Z
Trudeo,2020-10-15,6,346307.6666666667,2020-12-23T13:52:22Z
Realcube,2021-05-17,9,564293.3333333334,2020-10-20T13:59:30Z
Buzzbean,2020-11-27,6,484150.8333333333,2020-11-17T00:07:09Z
Meezzy,2020-03-23,11,503883.8181818182,2020-11-26T03:47:14Z
Youfeed,2020-09-18,11,401658.0909090909,2020-12-27T04:19:23Z
Wordify,2021-08-07,14,584539.4285714285,2020-12-27T19:24:02Z
Roombo,2020-08-27,9,363992.8888888889,2020-12-25T11:38:09Z
Roodel,2021-03-05,15,579902.2666666667,2020-12-17T13:45:33Z
Blognation,2021-10-29,11,414613.0,2020-11-25T02:40:18Z
Twinte,2020-10-27,11,354720.54545454547,2020-12-12T16:28:32Z
Realbuzz,2020-02-21,10,390914.1,2020-11-27T19:59:21Z
Photobean,2020-09-29,14,459172.5,2020-12-28T02:54:57Z
Skinder,2021-12-26,11,615552.0,2020-12-17T03:14:51Z
Abatz,2020-10-04,6,451083.8333333333,2020-11-12T22:37:13Z
Kanoodle,2021-12-21,7,472747.5714285714,2020-12-23T11:45:30Z
Blogspan,2020-03-12,9,562464.3333333334,2020-11-02T07:50:24Z
Aimbu,2021-05-31,10,638609.9,2020-11-23T00:06:41Z
Demimbu,2021-12-01,7,429665.71428571426,2020-11-10T10:00:44Z
Edgeify,2021-03-29,8,563193.375,2020-12-20T01:48:51Z
Skinix,2020-06-13,16,368523.0625,2020-12-13T17:33:21Z
Quire,2020-07-25,11,527828.0909090909,2020-11-25T05:35:06Z
Jaloo,2020-10-12,7,475137.4285714286,2020-09-06T09:44:06Z
Aimbu,2021-05-15,8,550648.25,2020-12-05T18:41:58Z
Tagpad,2021-02-16,7,482938.4285714286,2020-12-10T13:41:56Z
Realmix,2020-03-12,14,624473.7857142857,2020-12-19T12:08:03Z
Voolia,2021-07-22,11,383967.2727272727,2020-12-22T20:58:33Z
Mydeo,2021-11-22,15,544690.8666666667,2020-11-28T07:56:59Z
Jabberstorm,2020-11-21,6,457144.6666666667,2020-11-25T11:51:39Z
Bubbletube,2020-09-14,13,509673.3076923077,2020-12-17T08:49:24Z
Zazio,2021-03-22,3,295988.3333333333,2020-11-14T11:01:49Z
Wikizz,2021-04-06,6,569566.8333333334,2020-10-15T16:52:34Z
Jetpulse,2021-01-12,6,460282.3333333333,2020-12-18T17:17:29Z
Fatz,2021-08-12,8,475767.5,2020-11-01T03:55:19Z
Flashpoint,2021-01-30,6,440666.3333333333,2020-07-26T21:31:53Z
Photolist,2021-06-23,12,448333.5833333333,2020-12-20T00:23:00Z
Fivechat,2021-01-25,9,488705.77777777775,2020-09-17T05:48:41Z
Browsebug,2021-11-18,10,549764.7,2020-12-20T22:08:09Z
Rooxo,2021-04-14,15,487865.4666666667,2020-12-15T22:20:15Z
Divanoodle,2020-06-02,9,617664.8888888889,2020-12-05T13:47:57Z
Skyba,2021-07-29,9,430430.6666666667,2020-12-28T21:14:06Z
Edgeblab,2021-08-24,10,400933.1,2020-12-27T20:10:03Z
Fatz,2021-09-29,11,548759.1818181818,2020-08-28T03:34:04Z
Flashspan,2021-02-03,9,450535.44444444444,2020-12-30T23:22:50Z
Skidoo,2021-04-28,9,594171.4444444445,2020-12-11T12:39:31Z
Flashspan,2021-05-25,12,401632.25,2020-10-17T04:28:09Z
Buzzster,2021-07-27,9,538042.6666666666,2020-12-19T22:36:53Z
Skyndu,2021-07-21,4,624290.25,2020-12-18T23:16:46Z
Blogtag,2021-05-15,8,513630.5,2020-12-20T08:18:20Z
Yata,2020-02-23,7,330488.71428571426,2020-08-11T14:59:49Z
Youspan,2020-05-23,9,418683.22222222225,2020-12-16T14:08:35Z
Devcast,2020-05-28,11,398744.63636363635,2020-10-09T02:12:47Z
Brainsphere,2020-01-22,16,702702.0625,2020-12-24T02:42:11Z
Fivespan,2021-06-16,9,478027.8888888889,2020-12-25T06:21:02Z
Mynte,2021-12-08,16,587684.75,2020-12-22T04:21:49Z
Skimia,2020-10-08,17,535409.4705882353,2020-12-21T10:06:22Z
Skyvu,2021-05-29,11,595900.5454545454,2020-12-20T12:48:27Z
Mycat,2021-11-03,11,588228.4545454546,2020-11-14T13:42:30Z
Fivebridge,2021-07-29,12,537630.0833333334,2020-10-25T19:58:42Z
Shuffledrive,2020-04-10,13,718234.6153846154,2020-10-14T19:57:59Z
Lazz,2020-01-26,11,515170.0909090909,2020-12-16T11:10:08Z
Jayo,2021-08-12,11,575806.0909090909,2020-11-17T11:23:27Z
Jetpulse,2021-01-09,14,626267.0714285715,2020-12-28T00:26:35Z
Gabtune,2021-03-19,9,374884.6666666667,2020-11-11T23:40:01Z
Divanoodle,2020-12-15,12,480120.1666666667,2020-12-13T01:53:35Z
Rhynoodle,2020-08-08,7,409540.0,2020-09-09T01:28:48Z
Divanoodle,2020-09-26,9,648457.5555555555,2020-12-07T07:15:22Z
Yozio,2021-07-26,12,364091.0,2020-11-21T15:11:21Z
Twitternation,2020-03-05,7,565187.7142857143,2020-12-28T11:09:10Z
Trudeo,2020-06-11,8,633656.125,2020-10-18T16:38:28Z
Twinder,2020-12-07,12,350454.1666666667,2020-11-06T12:44:27Z
Zoomdog,2020-07-24,11,450096.7272727273,2020-12-13T04:38:11Z
Trudoo,2021-12-25,11,627229.3636363636,2020-10-30T03:16:58Z
Pixonyx,2021-02-21,6,610807.6666666666,2020-11-26T20:12:49Z
Skimia,2021-08-10,8,527126.875,2020-11-11T09:19:56Z
Meevee,2021-05-21,10,414024.2,2020-12-18T15:15:16Z
Browsebug,2021-10-21,6,504369.5,2020-12-02T16:37:54Z
Blogpad,2021-12-17,12,402768.6666666667,2020-12-03T21:34:08Z
Cogilith,2021-03-18,13,548167.5384615385,2020-12-23T08:15:08Z
Buzzster,2020-06-21,6,451577.0,2020-09-17T10:10:42Z
Centimia,2021-12-12,13,536239.5384615385,2020-10-24T14:50:41Z
Skibox,2020-10-04,9,633280.8888888889,2020-11-28T18:13:26Z
Npath,2020-05-04,7,546308.4285714285,2020-12-29T04:27:28Z
Kare,2021-12-23,9,322462.6666666667,2020-10-12T07:19:08Z
Topdrive,2021-02-10,14,543995.4285714285,2020-12-15T15:59:48Z
Quinu,2020-05-11,15,431652.5333333333,2020-11-23T01:36:14Z
Flashpoint,2020-10-17,16,442662.875,2020-12-17T00:08:50Z
Browsezoom,2020-06-07,6,359787.3333333333,2020-07-23T07:39:50Z
Flashset,2020-12-27,7,455789.14285714284,2020-12-18T01:45:25Z
Meevee,2020-01-31,6,514714.1666666667,2020-12-10T04:33:30Z
Dynava,2020-01-09,7,578841.7142857143,2020-11-05T16:53:00Z
Lajo,2021-08-02,10,435389.4,2020-12-17T04:17:41Z
Tagpad,2020-03-10,12,453650.5833333333,2020-11-28T13:02:10Z
Twitterlist,2020-07-15,11,413537.9090909091,2020-11-02T04:50:35Z
Pixope,2020-04-12,14,553717.0,2020-12-08T03:38:20Z
Quamba,2021-03-10,11,470409.2727272727,2020-11-26T08:22:04Z
Centizu,2020-01-24,11,490739.7272727273,2020-12-25T14:00:17Z
LiveZ,2021-10-17,9,667221.8888888889,2020-12-14T23:25:20Z
Tambee,2020-01-07,5,544335.6,2020-10-30T21:30:15Z
Oyoloo,2021-05-25,8,320282.375,2020-12-30T06:18:36Z
Photospace,2021-07-26,8,547883.5,2020-09-19T23:05:21Z
Wordify,2021-02-27,8,588086.75,2020-12-16T23:36:14Z
Chatterbridge,2020-12-31,15,470392.5333333333,2020-11-29T22:13:11Z
Realbridge,2021-02-26,6,740340.0,2020-12-19T00:05:14Z
Lajo,2020-09-11,11,489770.63636363635,2020-10-24T03:40:28Z
Quinu,2021-04-29,12,532202.75,2020-12-23T11:43:26Z
Trilia,2020-03-22,7,629935.8571428572,2020-12-12T06:26:35Z
Zazio,2021-08-05,12,458119.0,2020-12-30T01:56:44Z
Lazz,2021-04-27,13,423044.46153846156,2020-11-15T04:47:36Z
Gigaclub,2020-02-06,7,496789.71428571426,2020-12-26T13:38:59Z
Skimia,2020-11-14,8,494263.25,2020-12-06T03:51:15Z
Trudeo,2020-05-02,12,662853.4166666666,2020-11-24T22:15:08Z
Dazzlesphere,2020-05-13,19,400348.5789473684,2020-12-06T12:55:38Z
Tagpad,2020-05-25,7,427648.5714285714,2020-10-05T09:54:06Z
Lajo,2020-11-02,7,442186.85714285716,2020-11-05T09:44:31Z
Realfire,2020-01-29,6,448549.8333333333,2020-12-10T11:19:39Z
Trupe,2021-01-22,9,597934.6666666666,2020-12-25T00:41:03Z
Riffpedia,2020-01-10,11,587206.0909090909,2020-12-10T12:28:29Z
Devshare,2020-03-26,5,464203.2,2020-11-24T01:43:47Z
Dabvine,2020-02-18,6,732076.5,2020-11-23T08:10:30Z
Brightbean,2020-10-09,7,603953.0,2020-11-18T14:21:20Z
Skalith,2021-03-31,10,566510.3,2020-12-14T00:06:55Z
Trupe,2020-09-27,10,459577.9,2020-11-02T02:09:07Z
Linkbridge,2021-11-02,6,613479.6666666666,2020-11-02T22:35:28Z
Bubblemix,2020-12-13,11,454491.7272727273,2020-12-30T12:25:23Z
Flashspan,2020-10-27,7,572975.2857142857,2020-11-28T00:26:59Z
Wikivu,2020-10-11,18,621619.6666666666,2020-12-30T16:42:22Z
Devify,2021-03-10,7,496978.0,2020-10-02T18:24:21Z
Linkbuzz,2021-10-24,11,475590.45454545453,2020-10-16T22:15:43Z
Quamba,2020-08-02,10,616045.4,2020-12-27T18:09:04Z
Mudo,2020-12-10,14,463499.78571428574,2020-12-21T22:47:28Z
Pixoboo,2020-01-09,10,285996.8,2020-12-30T21:29:56Z
Devpulse,2020-11-04,9,429928.1111111111,2020-11-28T19:39:16Z
Yabox,2020-11-30,7,392792.85714285716,2020-11-19T19:20:02Z
Zoomdog,2021-10-02,8,503592.25,2020-10-16T17:45:05Z
Buzzster,2021-10-09,19,582711.2105263158,2020-12-30T04:54:55Z
Jabbersphere,2021-12-12,9,501916.1111111111,2020-12-02T22:01:37Z
Leexo,2020-01-17,9,439851.3333333333,2020-09-07T17:59:06Z
Skyvu,2020-09-29,7,467816.28571428574,2020-11-22T00:42:31Z
Skipstorm,2020-10-08,7,387679.71428571426,2020-12-16T21:15:58Z
Vitz,2021-12-17,7,421011.85714285716,2020-10-15T07:52:31Z
Mynte,2021-11-11,13,529250.3076923077,2020-12-07T08:50:58Z
Meetz,2021-08-30,10,526989.2,2020-12-22T13:35:38Z
Kamba,2021-04-29,16,446922.4375,2020-12-18T14:44:37Z
Twitterbeat,2021-08-09,5,627509.6,2020-09-04T11:36:18Z
Dablist,2020-10-28,11,385969.45454545453,2020-12-10T02:26:14Z
Youfeed,2020-12-17,6,567371.1666666666,2020-11-30T20:11:53Z
Kwilith,2021-08-26,10,509850.5,2020-10-16T23:11:25Z
Oyoyo,2020-01-14,11,498171.36363636365,2020-10-09T04:06:34Z
Zoomlounge,2020-07-03,10,680307.1,2020-11-10T18:03:22Z
Skiptube,2020-05-09,14,361915.5714285714,2020-12-25T23:08:40Z
Thoughtworks,2021-06-03,11,469842.9090909091,2020-12-19T16:13:54Z
Topdrive,2021-11-02,5,280356.0,2020-12-14T17:17:40Z
Gigashots,2020-11-02,12,622124.8333333334,2020-12-04T11:08:57Z
Muxo,2020-06-09,12,554290.75,2020-12-03T02:47:18Z
Mybuzz,2021-09-04,11,322285.9090909091,2020-11-09T15:26:52Z
Demimbu,2020-11-12,15,421041.6,2020-11-29T02:15:42Z
Avamba,2021-05-31,8,445619.125,2020-10-16T15:34:35Z
Teklist,2020-02-26,12,496813.4166666667,2020-11-04T01:46:58Z
Edgetag,2021-06-26,14,541802.0714285715,2020-12-01T17:36:49Z
Rhyloo,2021-09-05,9,664709.5555555555,2020-12-09T05:21:49Z
Fatz,2021-01-18,12,393563.4166666667,2020-12-26T07:28:40Z
Flashpoint,2020-11-28,16,571456.1875,2020-12-27T15:39:49Z
Gigaclub,2020-10-28,11,647266.6363636364,2020-10-28T20:04:44Z
Podcat,2020-08-14,5,386303.2,2020-11-16T11:52:33Z
Dynabox,2020-04-21,8,618647.25,2020-12-30T04:27:34Z
Dynabox,2020-02-17,8,568812.125,2020-12-24T21:01:23Z
Jetwire,2020-06-07,9,646729.4444444445,2020-12-08T15:04:52Z
Divavu,2021-01-09,14,424315.78571428574,2020-12-29T05:09:30Z
Meedoo,2021-03-21,8,593516.75,2020-12-25T08:31:54Z
Brightbean,2021-11-10,13,607365.1538461539,2020-10-06T20:52:24Z
Blogtag,2021-07-14,12,480198.0833333333,2020-11-23T00:06:48Z
Centizu,2021-11-03,9,553907.5555555555,2020-10-24T17:17:16Z
Abatz,2021-11-07,5,634325.2,2020-12-14T10:58:44Z
Oyoloo,2021-09-30,15,553372.4,2020-12-06T16:41:23Z
Katz,2021-06-18,9,354174.0,2020-10-14T02:46:25Z
Skipstorm,2020-12-23,11,518554.63636363635,2020-10-09T19:12:57Z
Npath,2020-12-02,11,628516.9090909091,2020-10-18T02:07:38Z
Skajo,2021-10-01,10,543474.4,2020-12-23T12:19:07Z
Oba,2020-03-16,10,619123.6,2020-12-15T15:02:51Z
Yozio,2020-09-06,11,506400.0,2020-11-04T04:00:37Z
Twitternation,2021-05-18,12,443703.1666666667,2020-12-28T23:37:57Z
Roomm,2020-09-12,9,601810.2222222222,2020-12-13T02:19:47Z
Feedfire,2021-12-26,8,297270.5,2020-11-30T00:11:45Z
Meemm,2021-03-13,7,419253.28571428574,2020-11-30T21:34:19Z
Twimm,2020-05-21,6,417833.8333333333,2020-12-12T10:58:45Z
Zoomdog,2021-06-10,11,365901.8181818182,2020-12-02T09:31:05Z
Katz,2021-12-24,11,487045.8181818182,2020-12-11T12:29:47Z
Katz,2020-12-04,11,461597.1818181818,2020-11-23T10:38:33Z
Thoughtsphere,2020-07-29,10,516319.1,2020-12-29T09:38:44Z
Pixoboo,2021-06-24,17,521320.5294117647,2020-12-23T02:12:55Z
Skiptube,2021-01-04,9,582401.0,2020-09-24T00:50:07Z
Fivechat,2020-09-02,7,480486.14285714284,2020-12-18T09:45:49Z
Browsezoom,2021-02-10,10,518041.1,2020-10-18T00:34:06Z
Tanoodle,2020-10-12,9,397089.22222222225,2020-12-28T14:03:33Z
Realbuzz,2021-12-25,13,485623.92307692306,2020-10-21T21:25:30Z
Brainbox,2021-01-24,12,585270.0,2020-10-28T04:13:14Z
Zava,2020-07-01,12,634681.5,2020-12-06T19:05:05Z
Realblab,2020-04-10,7,535463.4285714285,2020-11-29T03:18:16Z
Feednation,2020-05-05,9,554373.0,2020-11-18T04:39:46Z
Dynazzy,2020-01-09,16,447948.5,2020-12-13T05:36:08Z
Midel,2020-02-15,14,338286.14285714284,2020-11-27T14:02:59Z
Feedmix,2020-10-18,11,566073.0,2020-12-28T03:20:38Z
Oyoyo,2020-03-30,10,557767.3,2020-11-30T16:24:31Z
Cogilith,2020-10-12,7,275097.4285714286,2020-09-07T20:55:47Z
Thoughtsphere,2020-08-19,6,575725.3333333334,2020-07-23T14:34:47Z
Trunyx,2020-03-22,12,443614.5833333333,2020-12-25T17:45:20Z
Mudo,2020-04-18,8,393121.0,2020-12-27T18:10:11Z
Demizz,2021-01-08,15,530071.8,2020-12-16T14:59:25Z
Meemm,2021-05-03,15,505507.4666666667,2020-12-01T17:46:53Z
Nlounge,2021-10-17,15,465568.5333333333,2020-11-27T06:22:59Z
Innojam,2021-03-03,11,535810.0909090909,2020-12-21T11:30:43Z
LiveZ,2020-06-15,11,422542.63636363635,2020-10-04T06:33:08Z
Flipopia,2021-10-21,18,543013.9444444445,2020-12-19T01:42:54Z
Buzzster,2020-09-24,6,618823.6666666666,2020-11-01T06:12:46Z
Gigabox,2020-03-08,10,480162.3,2020-12-02T15:45:32Z
Livetube,2021-06-21,15,632941.3333333334,2020-12-13T08:15:00Z
Quamba,2021-06-03,9,449495.8888888889,2020-12-05T14:32:17Z
Yacero,2021-11-07,6,584925.0,2020-12-13T08:08:08Z
Chatterpoint,2021-11-12,11,610593.3636363636,2020-12-29T05:02:53Z
Thoughtstorm,2020-04-09,8,496718.25,2020-12-20T12:56:03Z
Meevee,2020-06-02,9,306000.44444444444,2020-12-16T21:18:19Z
Livefish,2021-04-18,12,464100.4166666667,2020-12-28T13:46:12Z
Babbleset,2020-12-14,15,500612.6666666667,2020-12-12T15:24:51Z
Skippad,2020-11-26,14,420726.4285714286,2020-12-18T01:19:47Z
Twitterbridge,2020-06-10,8,383789.75,2020-12-21T00:14:32Z
Skyndu,2021-06-06,10,660050.5,2020-12-13T20:44:13Z
Reallinks,2021-03-27,11,510380.1818181818,2020-12-09T18:33:29Z
Yodo,2021-03-10,9,486569.3333333333,2020-09-16T02:58:59Z
Avaveo,2021-06-23,7,413881.85714285716,2020-11-06T17:17:24Z
Linkbuzz,2021-03-30,9,557891.6666666666,2020-12-17T04:26:40Z
Rhynyx,2020-10-16,14,597708.2142857143,2020-12-30T21:10:01Z
Jabbertype,2021-07-07,7,526088.4285714285,2020-10-24T16:31:34Z
Voomm,2021-07-05,13,373491.3076923077,2020-12-05T21:44:04Z
Tagcat,2021-05-03,10,533580.4,2020-12-26T02:35:11Z
Reallinks,2020-11-25,11,500365.36363636365,2020-12-08T14:29:37Z
Vipe,2021-10-28,9,604370.1111111111,2020-11-27T05:35:16Z
Quatz,2021-10-22,6,749075.0,2020-11-18T18:43:54Z
Flashpoint,2021-07-16,10,533343.2,2020-12-18T10:33:24Z
Youspan,2021-09-17,14,505912.64285714284,2020-12-20T11:47:58Z
